{
  "type": "minecraft:block",
  "pools": [
    {
      "bonus_rolls": 0.0,
      "conditions": [
        {
          "condition": "minecraft:match_tool",
          "predicate": {
            "predicates": {
              "minecraft:enchantments": [
                {
                  "enchantments": "minecraft:silk_touch",
                  "levels": {
                    "min": 1
                  }
                }
              ]
            }
          }
        }
      ],
      "entries": [
        {
          "type": "minecraft:item",
          "functions": [
            {
              "function": "minecraft:copy_components",
              "include": [
                "minecraft:bees"
              ],
              "source": "block_entity"
            },
            {
              "block": "minecraft:bee_nest",
              "function": "minecraft:copy_state",
              "properties": [
                "honey_level"
              ]
            }
          ],
          "name": "minecraft:green_wool"
        }
      ],
      "rolls": 1.0
    }
  ],
  "random_sequence": "minecraft:blocks/bee_nest"
}