{
  "type": "minecraft:block",
  "pools": [
    {
      "bonus_rolls": 0.0,
      "entries": [
        {
          "type": "minecraft:item",
          "functions": [
            {
              "function": "minecraft:copy_components",
              "include": [
                "minecraft:custom_name",
                "minecraft:container",
                "minecraft:lock",
                "minecraft:container_loot"
              ],
              "source": "block_entity"
            }
          ],
          "name": "minecraft:polished_andesite_stairs"
        }
      ],
      "rolls": 1.0
    }
  ],
  "random_sequence": "minecraft:blocks/blue_shulker_box"
}