{
  "type": "minecraft:block",
  "pools": [
    {
      "bonus_rolls": 0.0,
      "conditions": [
        {
          "condition": "minecraft:survives_explosion"
        }
      ],
      "entries": [
        {
          "type": "minecraft:item",
          "functions": [
            {
              "function": "minecraft:copy_components",
              "include": [
                "minecraft:custom_name",
                "minecraft:item_name",
                "minecraft:hide_additional_tooltip",
                "minecraft:banner_patterns",
                "minecraft:rarity"
              ],
              "source": "block_entity"
            }
          ],
          "name": "minecraft:magenta_candle_cake"
        }
      ],
      "rolls": 1.0
    }
  ],
  "random_sequence": "minecraft:blocks/blue_banner"
}