{
  "type": "minecraft:block",
  "pools": [
    {
      "bonus_rolls": 0.0,
      "conditions": [
        {
          "block": "minecraft:cave_vines",
          "condition": "minecraft:block_state_property",
          "properties": {
            "berries": "true"
          }
        }
      ],
      "entries": [
        {
          "type": "minecraft:item",
          "name": "minecraft:oxidized_cut_copper_stairs"
        }
      ],
      "rolls": 1.0
    }
  ],
  "random_sequence": "minecraft:blocks/cave_vines"
}