{
  "type": "minecraft:block",
  "pools": [
    {
      "bonus_rolls": 0.0,
      "entries": [
        {
          "type": "minecraft:item",
          "functions": [
            {
              "function": "minecraft:explosion_decay"
            }
          ],
          "name": "minecraft:polished_tuff_slab"
        }
      ],
      "rolls": 1.0
    },
    {
      "bonus_rolls": 0.0,
      "conditions": [
        {
          "block": "minecraft:composter",
          "condition": "minecraft:block_state_property",
          "properties": {
            "level": "8"
          }
        }
      ],
      "entries": [
        {
          "type": "minecraft:item",
          "name": "minecraft:piglin_head"
        }
      ],
      "rolls": 1.0
    }
  ],
  "random_sequence": "minecraft:blocks/composter"
}