{
  "type": "minecraft:block",
  "pools": [
    {
      "bonus_rolls": 0.0,
      "entries": [
        {
          "type": "minecraft:alternatives",
          "children": [
            {
              "type": "minecraft:item",
              "conditions": [
                {
                  "condition": "minecraft:match_tool",
                  "predicate": {
                    "items": "minecraft:shears"
                  }
                }
              ],
              "name": "minecraft:verdant_froglight"
            },
            {
              "type": "minecraft:item",
              "functions": [
                {
                  "add": false,
                  "count": {
                    "type": "minecraft:uniform",
                    "max": 2.0,
                    "min": 0.0
                  },
                  "function": "minecraft:set_count"
                },
                {
                  "function": "minecraft:explosion_decay"
                }
              ],
              "name": "minecraft:mud_brick_wall"
            }
          ]
        }
      ],
      "rolls": 1.0
    }
  ],
  "random_sequence": "minecraft:blocks/dead_bush"
}